{"branches": 72.8440366972477, "coverage": 84.94631456761462}