{"branches": 72.5085910652921, "coverage": 84.80625424881033}