{"branches": 70.80682107406466, "coverage": 86.52008991289688}