{"branches": 71.37457044673539, "coverage": 85.78715027143112}