{"branches": 70.72847682119206, "coverage": 85.7167201567781}