{"branches": 64.71535982814179, "coverage": 76.08467386282499}