{"branches": 71.45015105740181, "coverage": 85.98956407411973}