{"branches": 69.63117192147531, "coverage": 84.91588785046729}