{"branches": 73.0185497470489, "coverage": 85.29218647406435}