{"branches": 71.48760330578511, "coverage": 85.77999462381649}