{"branches": 71.37681159420289, "coverage": 82.97793435935472}