{"branches": 71.7969379532635, "coverage": 85.99883237748548}