{"branches": 71.51268115942028, "coverage": 86.14175666782798}