{"branches": 66.43192488262912, "coverage": 79.69379532634971}