{"branches": 72.59933774834437, "coverage": 85.43050587634133}