{"branches": 70.98812231488502, "coverage": 86.52120194885423}