{"branches": 73.38129496402878, "coverage": 85.5072463768116}