{"branches": 72.40259740259741, "coverage": 85.37021657190314}