{"branches": 73.01724137931035, "coverage": 85.38126953921436}