{"branches": 73.01324503311258, "coverage": 85.59907834101382}