{"branches": 73.2843137254902, "coverage": 85.88235294117646}