{"branches": 71.44420131291028, "coverage": 82.86580742987113}