{"branches": 71.12359550561797, "coverage": 83.92242727557084}