{"branches": 68.85895404120444, "coverage": 80.05301115699932}