{"branches": 70.72538860103627, "coverage": 81.6416162404841}