{"branches": 72.70742358078603, "coverage": 85.28613569321534}