{"branches": 71.38364779874213, "coverage": 83.62355227990605}