{"branches": 71.80365296803653, "coverage": 84.2996268317102}