{"branches": 72.36598890942699, "coverage": 84.47608616283316}