{"branches": 69.77525187290105, "coverage": 86.2082004017488}