{"branches": 71.36842105263158, "coverage": 83.58099878197321}