{"branches": 72.27648384673178, "coverage": 86.9105560032232}