{"branches": 72.1045197740113, "coverage": 84.79356071573339}