{"branches": 71.62458836443469, "coverage": 85.17410714285715}