{"branches": 69.86564299424184, "coverage": 82.95964125560538}