{"branches": 72.49560632688929, "coverage": 84.88093560659433}