{"branches": 73.05863708399366, "coverage": 85.87170647623738}