{"branches": 70.54263565891473, "coverage": 81.57126168224299}