{"branches": 73.04270462633453, "coverage": 85.33361018826136}