{"branches": 71.37681159420289, "coverage": 82.97477744807121}