{"branches": 72.67441860465115, "coverage": 85.42013045146439}