{"branches": 69.69072164948453, "coverage": 81.42203613243389}