{"branches": 71.36842105263158, "coverage": 83.63237801412681}