{"branches": 68.30645161290323, "coverage": 79.42431382538369}