{"branches": 72.4087591240876, "coverage": 85.17177950513262}