{"branches": 71.10060769750169, "coverage": 85.61031040533932}