{"branches": 70.54263565891473, "coverage": 81.66763509587449}