{"branches": 71.36752136752136, "coverage": 83.3799802436615}