{"branches": 71.88420019627085, "coverage": 86.36121032967935}