{"branches": 71.9560878243513, "coverage": 83.92707300328019}