{"branches": 64.5230695672962, "coverage": 80.2499559936631}