{"branches": 70.69408740359897, "coverage": 82.21309069562666}