{"branches": 71.77822177822178, "coverage": 86.16231647634584}