{"branches": 73.19859402460457, "coverage": 85.35817011368306}