{"branches": 72.09897610921502, "coverage": 84.7263413318954}