{"branches": 70.12448132780082, "coverage": 83.58818349211433}