{"branches": 71.98515769944342, "coverage": 86.52279492401692}