{"branches": 73.19859402460457, "coverage": 85.4108134036867}