{"branches": 71.75456389452333, "coverage": 85.93991559771027}