{"branches": 70.40155440414507, "coverage": 85.54637432163408}