{"branches": 73.05863708399366, "coverage": 85.57603402576589}