{"branches": 70.65217391304348, "coverage": 85.7114635660665}