{"branches": 69.90384615384615, "coverage": 82.93413173652695}