{"branches": 71.36752136752136, "coverage": 83.36080435140927}