{"branches": 73.0185497470489, "coverage": 85.3685802590912}