{"branches": 72.61306532663316, "coverage": 85.21099244594946}