{"branches": 70.01897533206831, "coverage": 83.10485364949982}