{"branches": 71.98515769944342, "coverage": 86.52965355255432}