{"branches": 71.42857142857143, "coverage": 86.74794029124739}