{"branches": 72.9876160990712, "coverage": 85.68382576911362}