{"branches": 72.88676236044657, "coverage": 85.80968280467445}