{"branches": 71.7741935483871, "coverage": 86.07267877979663}