{"branches": 70.96357530353914, "coverage": 86.57450076804916}