{"branches": 71.88864628820961, "coverage": 85.59978862075039}