{"branches": 71.09375, "coverage": 85.72436325833519}