{"branches": 72.49637155297532, "coverage": 85.30419373892498}