{"branches": 70.72538860103627, "coverage": 81.63444639718806}