{"branches": 69.54732510288066, "coverage": 81.43035407892685}