{"branches": 71.83163737280296, "coverage": 86.36487911572863}