{"branches": 71.66488794023479, "coverage": 85.72174139955638}