{"branches": 71.18279569892472, "coverage": 83.04678459249463}