{"branches": 71.11984282907662, "coverage": 83.31443259998488}