{"branches": 69.62406015037594, "coverage": 85.06302995131702}