{"branches": 71.01010101010101, "coverage": 83.72510737992972}