{"branches": 69.97971602434076, "coverage": 83.34648776637727}