{"branches": 71.88449848024317, "coverage": 85.26373028820011}