{"branches": 73.09523809523809, "coverage": 85.7217598097503}