{"branches": 70.27027027027027, "coverage": 83.56676746777018}