{"branches": 70.88441330998249, "coverage": 85.5974795589228}