{"branches": 71.39830508474576, "coverage": 83.58840768479322}