{"branches": 72.57597684515196, "coverage": 85.30605044981479}