{"branches": 72.58064516129032, "coverage": 85.43627575680487}