{"branches": 71.47887323943662, "coverage": 85.99071525409802}