{"branches": 72.2735674676525, "coverage": 84.10948905109488}