{"branches": 71.31313131313132, "coverage": 83.74072627879734}