{"branches": 66.86746987951807, "coverage": 79.81871994080652}