{"branches": 68.99092970521542, "coverage": 84.94188984335523}