{"branches": 71.36842105263158, "coverage": 83.60496229627827}