{"branches": 69.52247191011236, "coverage": 80.10550113036925}