{"branches": 69.7979797979798, "coverage": 83.14203170141329}