{"branches": 69.85645933014354, "coverage": 81.39512661251793}