{"branches": 72.50453720508166, "coverage": 84.82194141298105}