{"branches": 72.79661016949153, "coverage": 84.94945464219207}