{"branches": 70.54263565891473, "coverage": 81.63562281722933}