{"branches": 72.0558882235529, "coverage": 83.9728430849035}