{"branches": 70.74210975263007, "coverage": 86.38697953701508}