{"branches": 72.99382716049382, "coverage": 85.72122979705918}