{"branches": 72.04783258594918, "coverage": 85.42500448001911}