{"branches": 72.58064516129032, "coverage": 85.13022989237726}