{"branches": 64.62140992167102, "coverage": 70.29095031173249}